Site,Disturbance,Exclosure,Date,Year,High_cm,Low_cm,low_cm_ADJUSTED,vor_reading_pct
lake creek,control,livestock ex,2015-07-01,2015,38.62162162162162,10.594594594594595,10.594594594594595,1.0
lake creek,control,livestock ex,2016-07-05,2016,30.81081081081081,5.702702702702703,5.702702702702703,1.0
lake creek,control,livestock ex,2017-07-04,2017,26.555555555555557,5.944444444444445,5.944444444444445,1.0
lake creek,control,livestock ex,2018-07-03,2018,36.891891891891895,6.135135135135135,7.135135135135135,1.0
lake creek,control,livestock ex,2019-07-01,2019,32.714285714285715,7.942857142857143,8.942857142857143,1.0
lake creek,control,livestock ex,2020-07-01,2020,29.61111111111111,4.972222222222222,5.972222222222222,1.0
lake creek,control,livestock ex,2021-07-08,2021,22.942857142857143,5.914285714285715,6.914285714285715,1.0
lake creek,control,out,2015-07-01,2015,35.483870967741936,8.774193548387096,8.774193548387096,1.0
lake creek,control,out,2016-07-05,2016,23.571428571428573,6.107142857142857,6.107142857142857,1.0
lake creek,control,out,2017-06-29,2017,19.681818181818183,3.090909090909091,3.090909090909091,1.0
lake creek,control,out,2018-07-03,2018,27.892857142857142,6.285714285714286,7.285714285714286,1.0
lake creek,control,out,2019-07-01,2019,24.433333333333334,6.866666666666666,7.866666666666666,1.0
lake creek,control,out,2020-07-01,2020,17.724137931034484,2.896551724137931,3.7241379310344827,1.0
lake creek,control,out,2021-07-08,2021,19.321428571428573,2.892857142857143,3.892857142857143,1.0
lake creek,control,ungulate ex,2015-07-01,2015,36.7,14.9,14.9,1.0
lake creek,control,ungulate ex,2016-07-05,2016,27.307692307692307,8.743589743589743,8.743589743589743,1.0
lake creek,control,ungulate ex,2017-07-04,2017,29.526315789473685,9.342105263157896,9.342105263157896,1.0
lake creek,control,ungulate ex,2018-07-03,2018,49.44736842105263,11.473684210526315,12.473684210526315,1.0
lake creek,control,ungulate ex,2019-07-01,2019,36.421052631578945,16.36842105263158,17.36842105263158,1.0
lake creek,control,ungulate ex,2020-07-01,2020,37.56410256410256,7.538461538461538,8.538461538461538,1.0
lake creek,control,ungulate ex,2021-07-08,2021,30.61111111111111,10.11111111111111,11.11111111111111,1.0
lake creek,fire,livestock ex,2015-06-29,2015,30.0,12.025,12.025,1.0
lake creek,fire,livestock ex,2016-07-06,2016,29.435897435897434,5.256410256410256,5.256410256410256,1.0
lake creek,fire,livestock ex,2017-07-04,2017,24.05,6.025,6.025,1.0
lake creek,fire,livestock ex,2018-07-03,2018,32.825,14.6,15.6,1.0
lake creek,fire,livestock ex,2019-07-02,2019,35.0,12.075,13.075,1.0
lake creek,fire,livestock ex,2020-07-09,2020,21.875,7.125,8.125,1.0
lake creek,fire,livestock ex,2021-07-06,2021,17.725,6.375,7.375,1.0
lake creek,fire,out,2015-06-29,2015,30.27777777777778,8.916666666666666,8.916666666666666,1.0
lake creek,fire,out,2016-07-06,2016,22.53846153846154,2.8205128205128207,2.8205128205128207,1.0
lake creek,fire,out,2017-07-04,2017,14.625,2.675,2.675,1.0
lake creek,fire,out,2018-07-03,2018,23.025,6.425,7.425,1.0
lake creek,fire,out,2019-07-02,2019,23.825,8.475,9.475,1.0
lake creek,fire,out,2020-07-07,2020,15.75,3.15,4.15,1.0
lake creek,fire,out,2021-07-06,2021,13.263157894736842,2.6842105263157894,3.6842105263157894,1.0
lake creek,fire,ungulate ex,2015-06-29,2015,29.68421052631579,9.605263157894736,9.605263157894736,1.0
lake creek,fire,ungulate ex,2016-07-06,2016,28.783783783783782,4.54054054054054,4.54054054054054,1.0
lake creek,fire,ungulate ex,2017-07-04,2017,25.47222222222222,5.194444444444445,5.194444444444445,1.0
lake creek,fire,ungulate ex,2018-07-03,2018,23.555555555555557,7.277777777777778,8.277777777777779,1.0
lake creek,fire,ungulate ex,2019-07-02,2019,32.31578947368421,10.0,11.0,1.0
lake creek,fire,ungulate ex,2020-07-09,2020,24.342105263157894,6.894736842105263,7.894736842105263,1.0
lake creek,fire,ungulate ex,2021-07-06,2021,24.923076923076923,8.256410256410257,9.256410256410257,1.0
lake creek,prairie dog,livestock ex,2015-06-30,2015,20.685714285714287,8.657142857142857,8.657142857142857,1.0
lake creek,prairie dog,livestock ex,2016-07-06,2016,13.857142857142858,3.742857142857143,3.742857142857143,1.0
lake creek,prairie dog,livestock ex,2017-06-29,2017,13.852941176470589,3.3823529411764706,3.3823529411764706,1.0
lake creek,prairie dog,livestock ex,2018-07-03,2018,32.75675675675676,8.702702702702704,9.702702702702704,1.0
lake creek,prairie dog,livestock ex,2019-07-01,2019,29.125,13.275,14.275,1.0
lake creek,prairie dog,livestock ex,2020-07-01,2020,18.032258064516128,4.161290322580645,5.161290322580645,1.0
lake creek,prairie dog,livestock ex,2021-07-01,2021,19.771428571428572,5.542857142857143,6.542857142857143,1.0
lake creek,prairie dog,out,2015-06-29,2015,10.078947368421053,4.2105263157894735,4.2105263157894735,1.0
lake creek,prairie dog,out,2016-07-06,2016,4.777777777777778,1.4722222222222223,1.4722222222222223,1.0
lake creek,prairie dog,out,2017-06-29,2017,5.9743589743589745,3.3076923076923075,3.3076923076923075,1.0
lake creek,prairie dog,out,2018-07-04,2018,24.91891891891892,5.72972972972973,6.72972972972973,1.0
lake creek,prairie dog,out,2019-07-01,2019,26.2,9.1,10.1,1.0
lake creek,prairie dog,out,2020-06-30,2020,16.512820512820515,3.2051282051282053,4.153846153846154,1.0
lake creek,prairie dog,out,2021-07-06,2021,17.65,3.075,4.075,1.0
lake creek,prairie dog,ungulate ex,2015-06-30,2015,10.475,6.0,6.0,1.0
lake creek,prairie dog,ungulate ex,2016-07-05,2016,5.525,1.75,1.75,1.0
lake creek,prairie dog,ungulate ex,2017-06-29,2017,5.35,2.05,2.05,1.0
lake creek,prairie dog,ungulate ex,2018-07-03,2018,23.45,6.3,7.3,1.0
lake creek,prairie dog,ungulate ex,2019-07-01,2019,24.675,8.125,9.125,1.0
lake creek,prairie dog,ungulate ex,2020-07-01,2020,19.05,4.05,5.05,1.0
lake creek,prairie dog,ungulate ex,2021-07-01,2021,24.675,7.45,8.45,1.0
steckley,control,livestock ex,2015-06-25,2015,30.142857142857142,10.80952380952381,10.80952380952381,1.0
steckley,control,livestock ex,2016-06-30,2016,19.210526315789473,4.578947368421052,4.578947368421052,1.0
steckley,control,livestock ex,2017-06-26,2017,37.25,4.916666666666667,4.916666666666667,1.0
steckley,control,livestock ex,2018-06-28,2018,59.111111111111114,9.777777777777779,10.777777777777779,1.0
steckley,control,livestock ex,2019-06-27,2019,45.903225806451616,15.612903225806452,16.612903225806452,1.0
steckley,control,livestock ex,2020-07-07,2020,42.0,9.31578947368421,10.31578947368421,1.0
steckley,control,livestock ex,2021-06-28,2021,31.178571428571427,7.928571428571429,8.928571428571429,1.0
steckley,control,out,2015-06-25,2015,38.6,13.15,13.15,1.0
steckley,control,out,2016-06-30,2016,22.928571428571427,5.357142857142857,5.357142857142857,1.0
steckley,control,out,2017-06-26,2017,42.57142857142857,4.619047619047619,4.619047619047619,1.0
steckley,control,out,2018-06-25,2018,59.3448275862069,13.413793103448276,14.413793103448276,1.0
steckley,control,out,2019-06-27,2019,55.064516129032256,18.451612903225808,19.451612903225808,1.0
steckley,control,out,2020-07-07,2020,33.88,10.72,11.72,1.0
steckley,control,out,2021-06-30,2021,31.625,5.958333333333333,6.916666666666667,1.0
steckley,control,ungulate ex,2015-07-06,2015,19.642857142857142,3.4642857142857144,3.4642857142857144,1.0
steckley,control,ungulate ex,2016-06-30,2016,14.875,2.28125,2.28125,1.0
steckley,control,ungulate ex,2017-06-26,2017,14.777777777777779,1.9259259259259258,1.9259259259259258,1.0
steckley,control,ungulate ex,2018-06-28,2018,23.444444444444443,2.185185185185185,3.185185185185185,1.0
steckley,control,ungulate ex,2019-06-27,2019,23.344827586206897,3.206896551724138,4.206896551724138,1.0
steckley,control,ungulate ex,2020-07-07,2020,17.151515151515152,3.1818181818181817,4.181818181818182,1.0
steckley,control,ungulate ex,2021-06-30,2021,14.0,2.772727272727273,3.727272727272727,1.0
steckley,fire,livestock ex,2015-07-07,2015,29.475,6.675,6.675,1.0
steckley,fire,livestock ex,2016-07-05,2016,29.95,5.175,5.175,1.0
steckley,fire,livestock ex,2017-06-27,2017,27.45,3.5,3.5,1.0
steckley,fire,livestock ex,2018-06-27,2018,38.675,13.1,14.1,1.0
steckley,fire,livestock ex,2019-06-27,2019,37.225,14.7,15.7,1.0
steckley,fire,livestock ex,2020-07-07,2020,-1.0,-1.0,-1.0,1.0
steckley,fire,livestock ex,2021-06-30,2021,-1.0,-1.0,-1.0,1.0
steckley,fire,out,2015-07-06,2015,30.975,8.725,8.725,1.0
steckley,fire,out,2016-07-05,2016,23.789473684210527,3.9210526315789473,3.9210526315789473,1.0
steckley,fire,out,2017-06-27,2017,26.76923076923077,2.8974358974358974,2.8974358974358974,1.0
steckley,fire,out,2018-06-27,2018,36.25,10.025,11.025,1.0
steckley,fire,out,2019-06-27,2019,31.375,8.275,9.275,1.0
steckley,fire,out,2020-07-07,2020,-1.0,-1.0,-1.0,1.0
steckley,fire,out,2021-06-30,2021,-1.0,-1.0,-1.0,1.0
steckley,fire,ungulate ex,2015-07-07,2015,49.425,21.975,21.975,1.0
steckley,fire,ungulate ex,2016-07-05,2016,28.6,9.55,9.55,1.0
steckley,fire,ungulate ex,2017-06-27,2017,52.75,13.225,13.225,1.0
steckley,fire,ungulate ex,2018-06-27,2018,44.85,20.2,21.2,1.0
steckley,fire,ungulate ex,2019-06-27,2019,48.975,18.625,19.625,1.0
steckley,fire,ungulate ex,2020-07-07,2020,-1.0,-1.0,-1.0,1.0
steckley,fire,ungulate ex,2021-06-30,2021,-1.0,-1.0,-1.0,1.0
steckley,prairie dog,livestock ex,2015-07-06,2015,10.075,2.3,2.3,1.0
steckley,prairie dog,livestock ex,2016-06-30,2016,10.375,1.95,1.95,1.0
steckley,prairie dog,livestock ex,2017-06-26,2017,15.6,4.55,4.55,1.0
steckley,prairie dog,livestock ex,2018-07-04,2018,49.525,16.4,17.4,1.0
steckley,prairie dog,livestock ex,2019-06-24,2019,46.45,26.7,27.7,1.0
steckley,prairie dog,livestock ex,2020-07-06,2020,25.625,10.575,11.575,1.0
steckley,prairie dog,livestock ex,2021-07-01,2021,26.0,10.275,11.275,1.0
steckley,prairie dog,out,2015-07-06,2015,20.775,5.975,5.975,1.0
steckley,prairie dog,out,2016-06-30,2016,16.725,1.7,1.7,1.0
steckley,prairie dog,out,2017-06-26,2017,18.725,2.475,2.475,1.0
steckley,prairie dog,out,2018-07-04,2018,29.6,9.425,10.425,1.0
steckley,prairie dog,out,2019-06-24,2019,39.025,16.5,17.5,1.0
steckley,prairie dog,out,2020-07-06,2020,24.075,8.05,9.05,1.0
steckley,prairie dog,out,2021-06-30,2021,17.775,3.425,4.325,1.0
steckley,prairie dog,ungulate ex,2015-07-06,2015,17.475,7.8,7.8,1.0
steckley,prairie dog,ungulate ex,2016-06-30,2016,19.375,4.775,4.775,1.0
steckley,prairie dog,ungulate ex,2017-06-26,2017,22.974358974358974,5.230769230769231,5.230769230769231,1.0
steckley,prairie dog,ungulate ex,2018-07-04,2018,47.85,18.575,19.575,1.0
steckley,prairie dog,ungulate ex,2019-06-27,2019,61.025,36.575,37.575,1.0
steckley,prairie dog,ungulate ex,2020-07-06,2020,30.5,12.925,13.925,1.0
steckley,prairie dog,ungulate ex,2021-06-30,2021,26.85,9.775,10.775,1.0
west fork,control,livestock ex,2015-07-08,2015,37.729729729729726,14.945945945945946,14.945945945945946,1.0
west fork,control,livestock ex,2016-06-29,2016,32.24324324324324,9.486486486486486,9.486486486486486,1.0
west fork,control,livestock ex,2017-06-28,2017,28.894736842105264,6.7894736842105265,6.7894736842105265,1.0
west fork,control,livestock ex,2018-07-02,2018,36.05128205128205,12.0,13.0,1.0
west fork,control,livestock ex,2019-07-09,2019,37.23076923076923,17.205128205128204,18.205128205128204,1.0
west fork,control,livestock ex,2021-07-13,2021,20.894736842105264,7.421052631578948,8.421052631578947,1.0
west fork,control,livestock ex,2021-07-15,2021,24.97142857142857,7.914285714285715,8.914285714285715,1.0
west fork,control,out,2015-07-08,2015,30.975,7.675,7.675,1.0
west fork,control,out,2016-06-29,2016,32.9,5.3,5.3,1.0
west fork,control,out,2017-06-28,2017,30.55,6.275,6.275,1.0
west fork,control,out,2018-07-02,2018,35.55,8.075,9.075,1.0
west fork,control,out,2019-07-09,2019,33.41025641025641,10.717948717948717,11.717948717948717,1.0
west fork,control,out,2021-07-13,2021,18.307692307692307,5.230769230769231,6.230769230769231,1.0
west fork,control,out,2021-07-15,2021,25.425,5.4,6.4,1.0
west fork,control,ungulate ex,2015-07-08,2015,35.86486486486486,6.108108108108108,6.108108108108108,1.0
west fork,control,ungulate ex,2016-06-29,2016,32.25714285714286,6.285714285714286,6.285714285714286,1.0
west fork,control,ungulate ex,2017-06-28,2017,31.0,5.7272727272727275,5.7272727272727275,1.0
west fork,control,ungulate ex,2018-07-02,2018,40.57142857142857,8.714285714285714,9.714285714285714,1.0
west fork,control,ungulate ex,2019-07-09,2019,39.46875,11.34375,12.34375,1.0
west fork,control,ungulate ex,2021-07-13,2021,23.393939393939394,7.7272727272727275,8.727272727272727,1.0
west fork,control,ungulate ex,2021-07-15,2021,26.914285714285715,7.857142857142857,8.857142857142858,1.0
west fork,fire,livestock ex,2015-07-09,2015,31.675,8.95,8.95,1.0
west fork,fire,livestock ex,2016-06-29,2016,42.875,5.675,5.675,1.0
west fork,fire,livestock ex,2017-06-28,2017,39.575,8.275,8.275,1.0
west fork,fire,livestock ex,2018-07-02,2018,39.675,9.375,10.375,1.0
west fork,fire,livestock ex,2019-07-02,2019,36.1025641025641,9.333333333333334,10.333333333333334,1.0
west fork,fire,livestock ex,2021-07-13,2021,21.973684210526315,5.447368421052632,6.447368421052632,1.0
west fork,fire,livestock ex,2021-07-15,2021,24.28205128205128,7.589743589743589,8.58974358974359,1.0
west fork,fire,out,2015-07-09,2015,38.351351351351354,12.702702702702704,12.702702702702704,1.0
west fork,fire,out,2016-06-29,2016,27.6875,5.6875,5.6875,1.0
west fork,fire,out,2017-06-28,2017,26.72222222222222,5.611111111111111,5.611111111111111,1.0
west fork,fire,out,2018-07-02,2018,39.45454545454545,10.636363636363637,11.636363636363637,1.0
west fork,fire,out,2019-07-02,2019,39.205882352941174,16.41176470588235,17.41176470588235,1.0
west fork,fire,out,2020-07-14,2020,25.939393939393938,7.484848484848484,8.484848484848484,1.0
west fork,fire,out,2021-07-13,2021,21.41176470588235,5.235294117647059,6.235294117647059,1.0
west fork,fire,ungulate ex,2015-07-09,2015,41.945945945945944,17.56756756756757,17.56756756756757,1.0
west fork,fire,ungulate ex,2016-06-29,2016,30.82857142857143,9.857142857142858,9.857142857142858,1.0
west fork,fire,ungulate ex,2017-06-28,2017,32.80555555555556,9.333333333333334,9.333333333333334,1.0
west fork,fire,ungulate ex,2018-07-02,2018,38.75675675675676,13.594594594594595,14.594594594594595,1.0
west fork,fire,ungulate ex,2019-07-02,2019,42.54054054054054,19.54054054054054,20.54054054054054,1.0
west fork,fire,ungulate ex,2020-07-14,2020,31.31578947368421,11.289473684210526,12.289473684210526,1.0
west fork,fire,ungulate ex,2021-07-13,2021,23.97222222222222,8.583333333333334,9.583333333333334,1.0
west fork,prairie dog,livestock ex,2015-07-08,2015,25.05,7.125,7.125,1.0
west fork,prairie dog,livestock ex,2016-06-28,2016,18.225,5.075,5.075,1.0
west fork,prairie dog,livestock ex,2017-06-27,2017,13.95,3.7,3.7,1.0
west fork,prairie dog,livestock ex,2018-07-02,2018,26.65,8.175,9.175,1.0
west fork,prairie dog,livestock ex,2019-07-09,2019,28.55,17.475,18.475,1.0
west fork,prairie dog,livestock ex,2020-07-14,2020,22.775,5.725,6.725,1.0
west fork,prairie dog,livestock ex,2021-07-13,2021,18.55,4.525,5.525,1.0
west fork,prairie dog,out,2015-07-07,2015,12.921052631578947,4.815789473684211,4.815789473684211,1.0
west fork,prairie dog,out,2016-06-28,2016,9.421052631578947,1.0526315789473684,1.0526315789473684,1.0
west fork,prairie dog,out,2017-06-27,2017,11.794871794871796,1.358974358974359,1.358974358974359,1.0
west fork,prairie dog,out,2018-07-02,2018,20.025641025641026,4.666666666666667,5.666666666666667,1.0
west fork,prairie dog,out,2019-07-09,2019,31.475,16.225,17.225,1.0
west fork,prairie dog,out,2020-07-13,2020,23.17948717948718,5.589743589743589,6.512820512820513,1.0
west fork,prairie dog,out,2021-07-12,2021,17.725,4.65,5.65,1.0
west fork,prairie dog,ungulate ex,2015-07-07,2015,12.375,5.0,5.0,1.0
west fork,prairie dog,ungulate ex,2016-06-28,2016,11.45,1.725,1.725,1.0
west fork,prairie dog,ungulate ex,2017-06-27,2017,14.475,1.45,1.45,1.0
west fork,prairie dog,ungulate ex,2018-07-02,2018,26.65,6.0,7.0,1.0
west fork,prairie dog,ungulate ex,2019-07-09,2019,37.975,19.45,20.45,1.0
west fork,prairie dog,ungulate ex,2020-07-14,2020,29.625,9.225,10.225,1.0
west fork,prairie dog,ungulate ex,2021-07-13,2021,25.35,7.3,8.3,1.0
wildcat,control,livestock ex,2015-06-23,2015,24.4,6.285714285714286,6.285714285714286,1.0
wildcat,control,livestock ex,2016-06-27,2016,15.526315789473685,3.236842105263158,3.236842105263158,1.0
wildcat,control,livestock ex,2017-07-05,2017,17.15,2.425,2.425,1.0
wildcat,control,livestock ex,2018-06-26,2018,49.71052631578947,7.2368421052631575,8.236842105263158,1.0
wildcat,control,livestock ex,2019-07-03,2019,22.375,7.925,8.925,1.0
wildcat,control,livestock ex,2020-07-09,2020,23.125,6.275,7.275,1.0
wildcat,control,livestock ex,2021-07-07,2021,16.166666666666668,5.166666666666667,6.166666666666667,1.0
wildcat,control,out,2015-06-24,2015,17.175,4.925,4.925,1.0
wildcat,control,out,2016-06-27,2016,14.175,2.575,2.575,1.0
wildcat,control,out,2017-07-05,2017,9.25,1.05,1.05,1.0
wildcat,control,out,2018-06-26,2018,39.45,4.725,5.725,1.0
wildcat,control,out,2019-07-08,2019,14.9,4.6,5.6,1.0
wildcat,control,out,2020-07-08,2020,12.2,3.15,4.15,1.0
wildcat,control,out,2021-07-07,2021,6.925,1.675,2.675,1.0
wildcat,control,ungulate ex,2015-06-23,2015,28.53846153846154,8.871794871794872,8.871794871794872,1.0
wildcat,control,ungulate ex,2016-06-27,2016,14.783783783783784,1.945945945945946,1.945945945945946,1.0
wildcat,control,ungulate ex,2017-07-05,2017,20.555555555555557,1.8333333333333333,1.8333333333333333,1.0
wildcat,control,ungulate ex,2018-06-26,2018,48.6,10.0,11.0,1.0
wildcat,control,ungulate ex,2019-07-03,2019,31.692307692307693,10.974358974358974,11.974358974358974,1.0
wildcat,control,ungulate ex,2020-07-09,2020,26.897435897435898,8.820512820512821,9.794871794871796,1.0
wildcat,control,ungulate ex,2021-07-07,2021,18.72972972972973,6.756756756756757,7.756756756756757,1.0
wildcat,fire,livestock ex,2015-07-13,2015,31.6,9.55,9.55,1.0
wildcat,fire,livestock ex,2016-06-28,2016,23.333333333333332,4.384615384615385,4.384615384615385,1.0
wildcat,fire,livestock ex,2017-07-05,2017,25.825,2.775,2.775,1.0
wildcat,fire,livestock ex,2018-06-27,2018,48.15,13.075,14.075,1.0
wildcat,fire,livestock ex,2019-07-08,2019,32.55,13.0,14.0,1.0
wildcat,fire,livestock ex,2020-07-08,2020,26.65,11.85,12.85,1.0
wildcat,fire,livestock ex,2021-07-07,2021,19.725,6.85,7.85,1.0
wildcat,fire,out,2015-07-13,2015,31.925,10.1,10.1,1.0
wildcat,fire,out,2016-06-28,2016,13.875,2.5,2.5,1.0
wildcat,fire,out,2017-07-05,2017,22.15,3.675,3.675,1.0
wildcat,fire,out,2018-06-27,2018,67.6,23.825,24.825,1.0
wildcat,fire,out,2019-07-08,2019,38.95,15.75,16.75,1.0
wildcat,fire,out,2020-07-08,2020,16.475,4.9,5.9,1.0
wildcat,fire,out,2021-07-07,2021,17.625,6.075,7.075,1.0
wildcat,fire,ungulate ex,2015-07-14,2015,39.125,17.85,17.85,1.0
wildcat,fire,ungulate ex,2016-06-28,2016,22.525,4.05,4.05,1.0
wildcat,fire,ungulate ex,2017-07-05,2017,41.425,5.925,5.925,1.0
wildcat,fire,ungulate ex,2018-06-27,2018,71.05,30.2,31.2,1.0
wildcat,fire,ungulate ex,2019-07-08,2019,42.85,22.3,23.3,1.0
wildcat,fire,ungulate ex,2020-07-08,2020,30.55,15.0,16.0,1.0
wildcat,fire,ungulate ex,2021-07-07,2021,22.153846153846153,8.0,9.0,1.0
wildcat,prairie dog,livestock ex,2015-06-24,2015,5.472222222222222,3.5555555555555554,3.5555555555555554,1.0
wildcat,prairie dog,livestock ex,2016-06-27,2016,3.0,0.725,0.725,1.0
wildcat,prairie dog,livestock ex,2017-07-06,2017,5.375,1.275,1.275,1.0
wildcat,prairie dog,livestock ex,2018-06-26,2018,33.7,8.25,9.25,1.0
wildcat,prairie dog,livestock ex,2019-07-03,2019,36.282051282051285,7.82051282051282,8.820512820512821,1.0
wildcat,prairie dog,livestock ex,2020-07-13,2020,24.65,5.325,6.325,1.0
wildcat,prairie dog,livestock ex,2021-07-12,2021,10.64102564102564,2.641025641025641,3.5641025641025643,1.0
wildcat,prairie dog,out,2015-06-23,2015,16.974358974358974,5.128205128205129,5.128205128205129,1.0
wildcat,prairie dog,out,2016-06-27,2016,8.5,1.125,1.125,1.0
wildcat,prairie dog,out,2017-07-06,2017,15.3,2.475,2.475,1.0
wildcat,prairie dog,out,2018-06-26,2018,62.025,18.725,19.725,1.0
wildcat,prairie dog,out,2019-07-03,2019,52.525,24.175,25.175,1.0
wildcat,prairie dog,out,2020-07-13,2020,20.65,4.8,5.8,1.0
wildcat,prairie dog,out,2021-07-12,2021,18.2,3.575,4.575,1.0
wildcat,prairie dog,ungulate ex,2015-06-24,2015,16.75,5.65,5.65,1.0
wildcat,prairie dog,ungulate ex,2016-06-27,2016,7.85,1.25,1.25,1.0
wildcat,prairie dog,ungulate ex,2017-07-06,2017,14.55,2.325,2.325,1.0
wildcat,prairie dog,ungulate ex,2018-06-26,2018,73.1,27.125,28.125,1.0
wildcat,prairie dog,ungulate ex,2019-07-03,2019,52.675,28.225,29.225,1.0
wildcat,prairie dog,ungulate ex,2020-07-13,2020,34.15,9.05,10.05,1.0
wildcat,prairie dog,ungulate ex,2021-07-12,2021,17.75,3.875,4.875,1.0
